;dbn;school_name;borough;latitude;longitude;location;avg_perc Grads;latitude_rad;longitude_rad;trees;crashes;pc;shootings;arrests;programs;bins
0;01M292;Henry Street School for International Studies;Manhattan;40.713684;-73.986336;(40.713684, -73.986336);60.27608695652174;0.710587836416535;-1.2913051646868112;709;3256;5;43;22661;17;1
1;01M448;University Neighborhood High School;Manhattan;40.712399;-73.984497;(40.712399, -73.984497);76.075;0.7105654089356469;-1.2912730680818674;582;2041;5;39;16873;12;0
2;01M450;East Side Community School;Manhattan;40.729589;-73.982555;(40.729589, -73.982555);79.26730769230768;0.7108654310340646;-1.2912391737877935;1194;4226;4;15;12535;2;3
3;01M509;Marta Valle High School;Manhattan;40.720581;-73.985645;(40.720581, -73.985645);58.33269230769231;0.7107082117750452;-1.2912931044616802;1151;7561;3;47;26241;13;2
4;01M539;New Explorations into Science, Technology and Math High School;Manhattan;40.718895;-73.979308;(40.718895, -73.979308);97.88653846153846;0.7106787855238565;-1.2911825029469812;664;3311;5;75;19616;4;9
5;01M696;Bard High School Early College;Manhattan;40.719029;-73.975891;(40.719029, -73.975891);97.42884615384615;0.7106811242650541;-1.2911228650464406;317;2171;3;48;14442;0;10
6;02M047;47 The American Sign Language and English Secondary School;Manhattan;40.738548;-73.982455;(40.738548, -73.982455);62.79807692307692;0.7110217950817509;-1.2912374284585415;1287;7603;2;16;28204;0;1
7;02M135;The Urban Assembly School for Emergency Management;Manhattan;40.711442;-74.000851;(40.711442, -74.000851);70.85;0.7105487061347053;-1.2915584992277382;472;4416;3;28;22267;3;20
8;02M139;Stephen T. Mather Building Arts & Craftsmanship High School;Manhattan;40.76337;-73.990593;(40.76337, -73.990593);82.7;0.7114550207086809;-1.2913794633530689;1243;6910;1;11;23929;0;1
9;02M260;M.S. 260 Clinton School Writers & Artists;Manhattan;40.753091;-73.99764;(40.753091, -73.99764);;0.7112756183148684;-1.291502456705457;493;9106;0;20;39263;0;1
10;02M280;Manhattan Early College School for Advertising;Manhattan;40.711442;-74.000851;(40.711442, -74.000851);;0.7105487061347053;-1.2915584992277382;472;4416;3;28;22267;3;20
11;02M282;Urban Assembly Maker Academy;Manhattan;40.711442;-74.000851;(40.711442, -74.000851);;0.7105487061347053;-1.2915584992277382;472;4416;3;28;22267;3;20
12;02M288;Food and Finance High School;Manhattan;40.765184;-73.992953;(40.765184, -73.992953);80.99130434782609;0.7114866809813121;-1.2914206531234158;1047;5436;2;10;6966;0;0
13;02M294;Essex Street Academy;Manhattan;40.716778;-73.989337;(40.716778, -73.989337);75.03260869565217;0.7106418369035917;-1.2913575420176637;1005;8113;1;20;34895;10;2
14;02M296;High School of Hospitality Management;Manhattan;40.765184;-73.992953;(40.765184, -73.992953);79.16976744186047;0.7114866809813121;-1.2914206531234158;1047;5436;2;10;6966;0;0
15;02M298;Pace High School;Manhattan;40.716553;-73.993092;(40.716553, -73.993092);90.66511627906976;0.7106379099127748;-1.2914230791310761;798;10366;3;20;34278;8;2
16;02M300;Urban Assembly School of Design and Construction, The;Manhattan;40.765184;-73.992953;(40.765184, -73.992953);66.56739130434782;0.7114866809813121;-1.2914206531234158;1047;5436;2;10;6966;0;0
17;02M303;Facing History School, The;Manhattan;40.765184;-73.992953;(40.765184, -73.992953);65.0625;0.7114866809813121;-1.2914206531234158;1047;5436;2;10;6966;0;0
18;02M305;Urban Assembly Academy of Government and Law, The;Manhattan;40.716778;-73.989337;(40.716778, -73.989337);80.75750000000001;0.7106418369035917;-1.2913575420176637;1005;8113;1;20;34895;10;2
19;02M308;Lower Manhattan Arts Academy;Manhattan;40.716778;-73.989337;(40.716778, -73.989337);76.7475;0.7106418369035917;-1.2913575420176637;1005;8113;1;20;34895;10;2
20;02M316;Urban Assembly School of Business for Young Women, the;Manhattan;40.70568;-74.013302;(40.70568, -74.013302);77.80499999999999;0.7104481402632055;-1.291775810172904;530;4675;0;5;8815;0;7
21;02M374;Gramercy Arts High School;Manhattan;40.735494;-73.987659;(40.735494, -73.987659);79.8075;0.7109684927263951;-1.2913282553928151;1058;6692;0;24;44386;1;7
22;02M376;NYC iSchool;Manhattan;40.7244;-74.004625;(40.7244, -74.004625);97.48076923076923;0.7107748658991788;-1.2916243679537087;984;7909;0;7;24559;5;1
23;02M392;MANHATTAN BUSINESS ACADEMY;Manhattan;40.742867;-74.002136;(40.742867, -74.002136);86.5952380952381;0.7110971758521445;-1.2915809267086265;1064;5631;0;20;29042;0;4
24;02M393;BUSINESS OF SPORTS SCHOOL;Manhattan;40.76337;-73.990593;(40.76337, -73.990593);75.32857142857142;0.7114550207086809;-1.2913794633530689;1243;6910;1;11;23929;0;1
25;02M399;THE HIGH SCHOOL FOR LANGUAGE AND DIPLOMACY;Manhattan;40.735494;-73.987659;(40.735494, -73.987659);73.43333333333332;0.7109684927263951;-1.2913282553928151;1058;6692;0;24;44386;1;7
26;02M400;High School for Environmental Studies;Manhattan;40.767791;-73.987531;(40.767791, -73.987531);83.50576923076923;0.7115321817149116;-1.2913260213713729;1138;6591;3;8;25690;0;0
27;02M407;Institute for Collaborative Education;Manhattan;40.732447;-73.983031;(40.732447, -73.983031);87.82499999999999;0.7109153125440867;-1.291247481555033;1160;5225;1;16;11859;2;0
28;02M408;Professional Performing Arts High School;Manhattan;40.761448;-73.988019;(40.761448, -73.988019);93.86923076923077;0.7114214754804576;-1.2913345385781223;884;10518;2;13;60013;0;1
29;02M411;Baruch College Campus High School;Manhattan;40.74193;-73.986521;(40.74193, -73.986521);99.4076923076923;0.7110808221170534;-1.2913083935459275;733;7076;0;22;16214;0;0
30;02M412;N.Y.C. Lab School for Collaborative Studies;Manhattan;40.742129;-74.002198;(40.742129, -74.002198);97.275;0.7110842953222648;-1.2915820088127627;1102;5899;0;21;30297;0;3
31;02M413;School of the Future High School;Manhattan;40.738952;-73.985479;(40.738952, -73.985479);90.6846153846154;0.711028846211929;-1.2912902072151218;1103;7588;2;24;28849;1;3
32;02M414;N.Y.C. Museum School;Manhattan;40.742129;-74.002198;(40.742129, -74.002198);96.5653846153846;0.7110842953222648;-1.2915820088127627;1102;5899;0;21;30297;0;3
33;02M416;Eleanor Roosevelt High School;Manhattan;40.770187;-73.953608;(40.770187, -73.953608);99.54081632653062;0.7115739998037894;-1.2907339533292188;1400;6355;3;0;3719;0;1
34;02M418;Millennium High School;Manhattan;40.704487;-74.011556;(40.704487, -74.011556);98.4857142857143;0.7104273184852291;-1.2917453367241643;385;4189;0;5;8020;0;8
35;02M419;Landmark High School;Manhattan;40.742867;-74.002136;(40.742867, -74.002136);61.736538461538466;0.7110971758521445;-1.2915809267086265;1064;5631;0;20;29042;0;4
36;02M420;High School for Health Professions and Human Services;Manhattan;40.732447;-73.983031;(40.732447, -73.983031);87.9076923076923;0.7109153125440867;-1.291247481555033;1160;5225;1;16;11859;2;0
37;02M422;Quest to Learn;Manhattan;40.742867;-74.002136;(40.742867, -74.002136);79.81666666666666;0.7110971758521445;-1.2915809267086265;1064;5631;0;20;29042;0;4
38;02M425;Leadership and Public Service High School;Manhattan;40.70873;-74.012332;(40.70873, -74.012332);68.66153846153847;0.7105013728053913;-1.2917588804791598;523;4905;0;6;15535;3;3
39;02M427;MANHATTAN ACADEMY FOR ARTS & LANGUAGE;Manhattan;40.746176;-73.981241;(40.746176, -73.981241);57.45;0.711154928797093;-1.2912162401614222;1117;10821;2;4;15373;0;0
40;02M432;Murray Hill Academy;Manhattan;40.746176;-73.981241;(40.746176, -73.981241);64.03809523809524;0.711154928797093;-1.2912162401614222;1117;10821;2;4;15373;0;0
41;02M437;Hudson High School of Learning Technologies;Manhattan;40.742867;-74.002136;(40.742867, -74.002136);82.5;0.7110971758521445;-1.2915809267086265;1064;5631;0;20;29042;0;4
42;02M438;International High School at Union Square;Manhattan;40.735494;-73.987659;(40.735494, -73.987659);59.4125;0.7109684927263951;-1.2913282553928151;1058;6692;0;24;44386;1;7
43;02M439;Manhattan Village Academy;Manhattan;40.741497;-73.991512;(40.741497, -73.991512);96.2173076923077;0.7110732648413922;-1.2913955029288946;537;7502;3;28;16503;0;0
44;02M449;Vanguard High School;Manhattan;40.765359;-73.960059;(40.765359, -73.960059);72.72115384615384;0.711489735307503;-1.2908465445192647;1494;8157;1;3;13020;0;1
45;02M459;Manhattan International High School;Manhattan;40.765359;-73.960059;(40.765359, -73.960059);73.94615384615385;0.711489735307503;-1.2908465445192647;1494;8157;1;3;13020;0;1
46;02M475;Stuyvesant High School;Manhattan;40.71759;-74.013748;(40.71759, -74.013748);98.67307692307692;0.710656008977118;-1.2917835943413682;827;2760;1;0;1964;1;8
47;02M489;High School of Economics and Finance;Manhattan;40.709196;-74.012022;(40.709196, -74.012022);82.27307692307691;0.7105095060397055;-1.2917534699584787;466;4883;0;6;15671;3;3
48;02M500;Unity Center for Urban Technologies;Manhattan;40.746176;-73.981241;(40.746176, -73.981241);68.13846153846154;0.711154928797093;-1.2912162401614222;1117;10821;2;4;15373;0;0
49;02M507;Urban Assembly Gateway School for Technology;Manhattan;40.76337;-73.990593;(40.76337, -73.990593);89.48181818181818;0.7114550207086809;-1.2913794633530689;1243;6910;1;11;23929;0;1
50;02M519;Talent Unlimited High School;Manhattan;40.765359;-73.960059;(40.765359, -73.960059);95.00192307692308;0.711489735307503;-1.2908465445192647;1494;8157;1;3;13020;0;1
51;02M520;Murry Bergtraum High School for Business Careers;Manhattan;40.711442;-74.000851;(40.711442, -74.000851);62.69423076923077;0.7105487061347053;-1.2915584992277382;472;4416;3;28;22267;3;20
52;02M529;Jacqueline Kennedy Onassis High School;Manhattan;40.757729;-73.983078;(40.757729, -73.983078);69.7;0.7113565666855759;-1.2912483018597816;325;11439;1;9;43733;1;3
53;02M531;Repertory Company High School for Theatre Arts;Manhattan;40.755843;-73.984382;(40.755843, -73.984382);90.3173076923077;0.7113236497758832;-1.2912710609532274;128;11456;2;10;65083;1;4
54;02M533;Union Square Academy for Health Sciences;Manhattan;40.735494;-73.987659;(40.735494, -73.987659);89.58333333333333;0.7109684927263951;-1.2913282553928151;1058;6692;0;24;44386;1;7
55;02M534;Harvest Collegiate High School;Manhattan;40.736518;-73.994858;(40.736518, -73.994858);90.01666666666667;0.7109863648979353;-1.2914539016456663;892;6419;2;6;29637;0;7
56;02M542;Manhattan Bridges High School;Manhattan;40.765184;-73.992953;(40.765184, -73.992953);82.12391304347825;0.7114866809813121;-1.2914206531234158;1047;5436;2;10;6966;0;0
57;02M543;New Design High School;Manhattan;40.716778;-73.989337;(40.716778, -73.989337);79.49130434782609;0.7106418369035917;-1.2913575420176637;1005;8113;1;20;34895;10;2
58;02M545;High School for Dual Language and Asian Studies;Manhattan;40.716778;-73.989337;(40.716778, -73.989337);95.0304347826087;0.7106418369035917;-1.2913575420176637;1005;8113;1;20;34895;10;2
59;02M546;Academy for Software Engineering;Manhattan;40.735494;-73.987659;(40.735494, -73.987659);92.25;0.7109684927263951;-1.2913282553928151;1058;6692;0;24;44386;1;7
60;02M551;Urban Assembly New York Harbor School;Manhattan;40.701695;-74.011631;(40.701695, -74.011631);79.28478260869565;0.7103785888925135;-1.2917466457211033;185;2176;0;1;4996;0;4
61;02M580;Richard R. Green High School of Teaching;Manhattan;40.70568;-74.013302;(40.70568, -74.013302);65.9673076923077;0.7104481402632055;-1.291775810172904;530;4675;0;5;8815;0;7
62;02M600;The High School of Fashion Industries;Manhattan;40.745156;-73.996074;(40.745156, -73.996074);89.12307692307692;0.7111371264387227;-1.2914751248493705;818;7119;4;16;22786;0;0
63;02M605;Humanities Preparatory Academy;Manhattan;40.742867;-74.002136;(40.742867, -74.002136);76.63461538461539;0.7110971758521445;-1.2915809267086265;1064;5631;0;20;29042;0;4
64;02M615;Chelsea Career and Technical Education High School;Manhattan;40.7244;-74.004625;(40.7244, -74.004625);67.23846153846154;0.7107748658991788;-1.2916243679537087;984;7909;0;7;24559;5;1
65;02M630;Art and Design High School;Manhattan;40.75924;-73.967203;(40.75924, -73.967203);81.56153846153846;0.7113829386105736;-1.2909712308410273;1201;12725;2;2;21385;2;2
66;02M655;Life Sciences Secondary School;Manhattan;40.783625;-73.945637;(40.783625, -73.945637);77.77884615384616;0.7118085371486724;-1.2905948331345423;928;5729;3;30;11224;9;1
67;03M299;High School for Arts, Imagination and Inquiry;Manhattan;40.774351;-73.984753;(40.774351, -73.984753);70.9625;0.7116466753138425;-1.2912775361247522;1241;4049;5;19;8990;0;2
68;03M307;Urban Assembly School for Media Studies, The;Manhattan;40.774351;-73.984753;(40.774351, -73.984753);71.32790697674419;0.7116466753138425;-1.2912775361247522;1241;4049;5;19;8990;0;2
69;03M402;The Urban Assembly School for Green Careers;Manhattan;40.785803;-73.974614;(40.785803, -73.974614);61.08095238095238;0.7118465504197808;-1.2911005771918926;1710;4502;1;17;12872;0;4
70;03M403;The Global Learning Collaborative;Manhattan;40.785803;-73.974614;(40.785803, -73.974614);73.76666666666667;0.7118465504197808;-1.2911005771918926;1710;4502;1;17;12872;0;4
71;03M415;Wadleigh Secondary School for the Performing & Visual Arts;Manhattan;40.802207;-73.954142;(40.802207, -73.954142);65.36730769230769;0.7121328542302781;-1.2907432733874245;1421;3461;1;139;34092;1;3
72;03M417;FRANK McCOURT HIGH SCHOOL;Manhattan;40.785803;-73.974614;(40.785803, -73.974614);95.39375;0.7118465504197808;-1.2911005771918926;1710;4502;1;17;12872;0;4
73;03M479;Beacon High School;Manhattan;40.772007;-73.987479;(40.772007, -73.987479);96.99615384615385;0.7116057647961758;-1.2913251138001616;881;4708;5;19;8085;0;1
74;03M485;Fiorello H. LaGuardia High School of Music & Art and Performing Arts;Manhattan;40.773629;-73.985273;(40.773629, -73.985273);98.01538461538462;0.711634074036643;-1.2912866118368627;1184;4174;5;19;9308;0;2
75;03M492;High School for Law, Advocacy and Community Justice;Manhattan;40.774351;-73.984753;(40.774351, -73.984753);74.77755102040817;0.7116466753138425;-1.2912775361247522;1241;4049;5;19;8990;0;2
76;08X320;Pelham Lab High School;Bronx;40.840702;-73.838545;(40.840702, -73.838545);68.6;0.7128047187258332;-1.2887257251319963;500;2228;1;7;3360;0;2
77;03M494;High School of Arts and Technology;Manhattan;40.774351;-73.984753;(40.774351, -73.984753);69.07959183673469;0.7116466753138425;-1.2912775361247522;1241;4049;5;19;8990;0;2
78;03M541;Manhattan / Hunter Science High School;Manhattan;40.774351;-73.984753;(40.774351, -73.984753);96.20869565217392;0.7116466753138425;-1.2912775361247522;1241;4049;5;19;8990;0;2
79;03M859;Special Music School;Manhattan;40.774919;-73.982745;(40.774919, -73.982745);98.0;0.7116565887839937;-1.291242489913372;1284;4846;4;20;11491;0;3
80;12X479;Bronx Career and College Preparatory High School;Bronx;40.827743;-73.900105;(40.827743, -73.900105);53.15238095238095;0.7125785415080672;-1.289800149819524;1292;2002;3;221;17765;2;0
81;03M860;Frederick Douglass Academy II Secondary School;Manhattan;40.802207;-73.954142;(40.802207, -73.954142);71.61521739130436;0.7121328542302781;-1.2907432733874245;1421;3461;1;139;34092;1;3
82;04M372;ESPERANZA PREPARATORY ACADEMY;Manhattan;40.79307;-73.942303;(40.79307, -73.942303);73.58333333333333;0.7119733834965233;-1.2905366438572805;757;4364;5;161;30986;1;1
83;04M409;Coalition School for Social Change;Manhattan;40.798884;-73.933319;(40.798884, -73.933319);57.013461538461534;0.7120748569392342;-1.2903798434772815;868;5457;2;106;24923;6;1
84;04M435;Manhattan Center for Science and Mathematics;Manhattan;40.793856;-73.934028;(40.793856, -73.934028);90.27884615384616;0.7119871017844439;-1.2903922178616782;652;2870;2;74;13077;4;2
85;04M495;Park East High School;Manhattan;40.790543;-73.944356;(40.790543, -73.944356);81.38653846153846;0.7119292790263253;-1.2905724754668242;887;4762;4;182;42134;0;1
86;04M555;Central Park East High School;Manhattan;40.793763;-73.949381;(40.793763, -73.949381);80.74807692307692;0.7119854786282396;-1.2906601782617368;885;3860;2;135;24329;2;0
87;04M610;Young Women's Leadership School;Manhattan;40.792741;-73.947428;(40.792741, -73.947428);99.25961538461539;0.7119676413632842;-1.2906260919814454;969;4570;4;178;38299;2;0
88;04M680;Heritage School, The;Manhattan;40.791881;-73.946558;(40.791881, -73.946558);64.675;0.711952631531717;-1.290610907616953;940;4660;4;178;39529;2;0
89;05M148;Eagle Academy for Young Men of Harlem;Manhattan;40.817372;-73.947712;(40.817372, -73.947712);;0.7123975334113429;-1.290631048716521;1139;3198;0;152;25076;0;3
90;05M157;The Urban Assembly School for Global Commerce;Manhattan;40.807383;-73.939433;(40.807383, -73.939433);71.1;0.7122231924723612;-1.2904865529077483;1200;5826;3;178;55572;1;3
91;05M304;Mott Hall High School;Manhattan;40.817372;-73.947712;(40.817372, -73.947712);72.67777777777778;0.7123975334113429;-1.290631048716521;1139;3198;0;152;25076;0;3
92;05M362;Columbia Secondary School;Manhattan;40.810431;-73.955809;(40.810431, -73.955809);99.1375;0.712276390107962;-1.290772368026055;1057;4022;3;120;34820;2;1
93;05M367;Academy for Social Action: A College Board School;Manhattan;40.815256;-73.955325;(40.815256, -73.955325);58.74516129032258;0.7123606022443707;-1.2907639206324755;635;3792;4;113;25255;1;0
94;05M369;Urban Assembly School for the Performing Arts;Manhattan;40.815256;-73.955325;(40.815256, -73.955325);77.23888888888888;0.7123606022443707;-1.2907639206324755;635;3792;4;113;25255;1;0
95;05M499;Frederick Douglass Academy;Manhattan;40.824319;-73.93712;(40.824319, -73.93712);84.0923076923077;0.712518781434479;-1.2904461834421497;895;3477;3;92;19532;1;3
96;05M670;Thurgood Marshall Academy for Learning and Social Change;Manhattan;40.815509;-73.944202;(40.815509, -73.944202);84.54807692307692;0.7123650179273783;-1.2905697876597761;1327;4056;6;231;34673;2;2
97;05M692;High School for Mathematics, Science and Engineering at City College;Manhattan;40.82074;-73.949097;(40.82074, -73.949097);92.7061224489796;0.71245631610055;-1.2906552215266611;1403;2950;0;84;19606;1;2
98;06M211;Inwood Early College for Health and Information Technologies;Manhattan;40.866053;-73.924835;(40.866053, -73.924835);;0.7132471771445063;-1.2902317697435424;1062;3802;1;72;22493;6;2
99;06M293;City College Academy of the Arts;Manhattan;40.86079;-73.930672;(40.86079, -73.930672);96.81923076923077;0.7131553204659739;-1.2903336446119813;764;1992;1;55;9060;5;1
100;06M346;Community Health Academy of the Heights;Manhattan;40.833687;-73.942072;(40.833687, -73.942072);72.02307692307691;0.7126822838788057;-1.2905326121467084;1110;3315;4;79;22281;0;1
101;06M348;Washington Heights Expeditionary Learning School;Manhattan;40.848908;-73.930948;(40.848908, -73.930948);79.53461538461539;0.7129479404442519;-1.2903384617207168;987;4999;1;57;32712;5;1
102;06M423;High School for Excellence and Innovation;Manhattan;40.866053;-73.924835;(40.866053, -73.924835);46.17619047619048;0.7132471771445063;-1.2902317697435424;1062;3802;1;72;22493;6;2
103;06M462;The College Academy;Manhattan;40.855954;-73.927051;(40.855954, -73.927051);68.11730769230769;0.7130709163433473;-1.2902704462397667;921;1987;0;58;10006;8;0
104;06M463;High School for Media and Communications;Manhattan;40.855954;-73.927051;(40.855954, -73.927051);65.87884615384615;0.7130709163433473;-1.2902704462397667;921;1987;0;58;10006;8;0
105;06M467;High School for Law and Public Service;Manhattan;40.855954;-73.927051;(40.855954, -73.927051);73.62307692307692;0.7130709163433473;-1.2902704462397667;921;1987;0;58;10006;8;0
106;06M468;High School for Health Careers and Sciences;Manhattan;40.855954;-73.927051;(40.855954, -73.927051);65.61346153846154;0.7130709163433473;-1.2902704462397667;921;1987;0;58;10006;8;0
107;06M540;A. Philip Randolph Campus High School;Manhattan;40.818188;-73.950356;(40.818188, -73.950356);78.61923076923077;0.7124117752980391;-1.2906771952219438;1077;2932;1;104;17148;0;2
108;06M552;Gregorio Luperon High School for Science and Mathematics;Manhattan;;;(nan, nan);73.78461538461539;;;0;0;0;0;0;0;0
109;07X221;South Bronx Preparatory: A College Board School;Bronx;40.813983;-73.920782;(40.813983, -73.920782);89.54883720930232;0.7123383842029928;-1.2901610315489591;870;3815;2;188;43109;9;1
110;07X223;M.S. 223 The Laboratory School of Finance and Technology;Bronx;40.813983;-73.920782;(40.813983, -73.920782);86.65;0.7123383842029928;-1.2901610315489591;870;3815;2;188;43109;9;1
111;07X259;H.E.R.O. High (Health, Education, and Research Occupations High School);Bronx;40.810803;-73.907015;(40.810803, -73.907015);66.55;0.7122828827327794;-1.289920752070837;695;2650;0;63;11804;0;2
112;07X334;International Community High School;Bronx;40.81004;-73.917792;(40.81004, -73.917792);51.30277777777778;0.7122695658705867;-1.2901088462043244;913;2327;3;203;29940;6;2
113;07X427;Community School for Social Justice;Bronx;40.815938;-73.930386;(40.815938, -73.930386);68.15510204081633;0.7123725053898694;-1.2903286529703204;535;4393;1;31;6681;5;0
114;07X473;Mott Haven Village Preparatory High School;Bronx;40.81825;-73.91103;(40.81825, -73.91103);66.29795918367347;0.7124128574021754;-1.2899908270403044;1049;2943;1;157;32174;6;2
115;07X495;University Heights Secondary School;Bronx;40.81825;-73.91103;(40.81825, -73.91103);88.98461538461538;0.7124128574021754;-1.2899908270403044;1049;2943;1;157;32174;6;2
116;07X500;Hostos-Lincoln Academy of Science;Bronx;40.815498;-73.91224;(40.815498, -73.91224);87.10192307692309;0.7123648259411605;-1.2900119455242536;785;3221;3;110;33791;11;4
117;07X520;Foreign Language Academy of Global Studies;Bronx;40.811162;-73.909804;(40.811162, -73.909804);62.1;0.7122891484647941;-1.289969429303675;792;2083;3;88;15167;1;4
118;07X522;Bronx Design and Construction Academy;Bronx;40.818232;-73.919867;(40.818232, -73.919867);57.345454545454544;0.7124125432429101;-1.2901450617863033;701;3986;3;142;38341;8;1
119;07X527;Bronx Leadership Academy II High School;Bronx;40.82231;-73.923829;(40.82231, -73.923829);69.69795918367346;0.7124837177698065;-1.2902142117312672;752;2277;1;129;10791;0;1
120;07X547;New Explorers High School;Bronx;40.82231;-73.923829;(40.82231, -73.923829);59.52040816326531;0.7124837177698065;-1.2902142117312672;752;2277;1;129;10791;0;1
121;07X548;Urban Assembly School for Careers in Sports;Bronx;40.82231;-73.923829;(40.82231, -73.923829);81.40192307692307;0.7124837177698065;-1.2902142117312672;752;2277;1;129;10791;0;1
122;07X551;The Urban Assembly Bronx Academy of Letters;Bronx;40.813641;-73.925313;(40.813641, -73.925313);80.53695652173913;0.7123324151769509;-1.2902401124173668;719;4231;4;197;45065;6;0
123;07X600;Alfred E. Smith Career and Technical Education High School;Bronx;40.818232;-73.919867;(40.818232, -73.919867);57.75384615384615;0.7124125432429101;-1.2901450617863033;701;3986;3;142;38341;8;1
124;07X670;Health Opportunities High School;Bronx;40.815938;-73.930386;(40.815938, -73.930386);68.67884615384615;0.7123725053898694;-1.2903286529703204;535;4393;1;31;6681;5;0
125;08X269;Bronx Studio School for Writers and Artists;Bronx;40.820579;-73.893128;(40.820579, -73.893128);71.04761904761905;0.7124535061204544;-1.2896783781976127;1091;5755;1;155;27068;9;1
126;08X282;Women's Academy of Excellence;Bronx;40.814833;-73.85658;(40.814833, -73.85658);72.78333333333333;0.7123532195016348;-1.2890404952625936;731;633;0;15;2172;5;0
127;08X293;Renaissance High School for Musical Theater & Technology;Bronx;40.840702;-73.838545;(40.840702, -73.838545);73.95;0.7128047187258332;-1.2887257251319963;500;2228;1;7;3360;0;2
128;08X305;Pablo Neruda Academy;Bronx;40.82229;-73.856167;(40.82229, -73.856167);61.141304347826086;0.712483368703956;-1.2890332870527828;845;1557;0;36;5106;7;1
129;08X312;Millennium Art Academy;Bronx;40.82229;-73.856167;(40.82229, -73.856167);70.50652173913043;0.712483368703956;-1.2890332870527828;845;1557;0;36;5106;7;1
130;08X332;Holcombe L. Rucker School of Community Research;Bronx;40.817512;-73.898212;(40.817512, -73.898212);60.61388888888889;0.7123999768722957;-1.2897671107367839;1161;4065;1;149;33000;7;0
131;08X348;Schuylerville Preparatory High School;Bronx;40.840702;-73.838545;(40.840702, -73.838545);64.5;0.7128047187258332;-1.2887257251319963;500;2228;1;7;3360;0;2
132;08X349;Bronx River High School;Bronx;40.840702;-73.838545;(40.840702, -73.838545);70.3;0.7128047187258332;-1.2887257251319963;500;2228;1;7;3360;0;2
133;08X367;Archimedes Academy for Math, Science and Technology Applications;Bronx;40.814833;-73.85658;(40.814833, -73.85658);62.175;0.7123532195016348;-1.2890404952625936;731;633;0;15;2172;5;0
134;08X376;Antonia Pantoja Preparatory Academy: A College Board School;Bronx;40.82229;-73.856167;(40.82229, -73.856167);65.26875;0.712483368703956;-1.2890332870527828;845;1557;0;36;5106;7;1
135;08X405;Herbert H. Lehman High School;Bronx;40.840702;-73.838545;(40.840702, -73.838545);56.20576923076923;0.7128047187258332;-1.2887257251319963;500;2228;1;7;3360;0;2
136;08X432;BRONX BRIDGES HIGH SCHOOL;Bronx;40.82229;-73.856167;(40.82229, -73.856167);61.9375;0.712483368703956;-1.2890332870527828;845;1557;0;36;5106;7;1
137;08X452;Bronx Guild;Bronx;40.82229;-73.856167;(40.82229, -73.856167);64.45192307692308;0.712483368703956;-1.2890332870527828;845;1557;0;36;5106;7;1
138;08X519;Felisa Rincon de Gautier Institute for Law and Public Policy, The;Bronx;40.821146;-73.881479;(40.821146, -73.881479);52.40652173913043;0.7124634021373132;-1.2894750647930477;566;2872;0;29;4729;0;3
139;08X530;Banana Kelly High School;Bronx;40.817512;-73.898212;(40.817512, -73.898212);55.10576923076923;0.7123999768722957;-1.2897671107367839;1161;4065;1;149;33000;7;0
140;08X558;Westchester Square Academy;Bronx;40.840702;-73.838545;(40.840702, -73.838545);75.55;0.7128047187258332;-1.2887257251319963;500;2228;1;7;3360;0;2
141;08X559;School for Tourism and Hospitality;Bronx;40.821675;-73.903546;(40.821675, -73.903546);56.111111111111114;0.7124726349290562;-1.2898602065990854;1226;2377;4;170;20130;10;0
142;08X561;Bronx Compass High School;Bronx;40.82229;-73.856167;(40.82229, -73.856167);47.388888888888886;0.712483368703956;-1.2890332870527828;845;1557;0;36;5106;7;1
143;09X227;Bronx Collegiate Academy;Bronx;40.840422;-73.91091;(40.840422, -73.91091);56.06739130434782;0.7127998318039276;-1.2899887326452022;1067;2951;1;164;25577;7;0
144;09X231;Eagle Academy for Young Men;Bronx;40.844958;-73.89705;(40.844958, -73.89705);70.72608695652174;0.712878999938798;-1.2897468300108756;884;4701;2;127;27810;1;2
145;09X241;Urban Assembly School for Applied Math and Science, The;Bronx;40.839244;-73.901316;(40.839244, -73.901316);88.81935483870969;0.7127792718253392;-1.2898212857567657;782;2299;0;48;7552;4;3
146;09X250;Eximius College Preparatory Academy: A College Board School;Bronx;40.833665;-73.902499;(40.833665, -73.902499);83.37;0.7126818999063704;-1.289841933001817;879;2307;3;157;17359;5;0
147;09X252;Mott Hall Bronx High School;Bronx;40.839244;-73.901316;(40.839244, -73.901316);79.88837209302325;0.7127792718253392;-1.2898212857567657;782;2299;0;48;7552;4;3
148;09X260;Bronx Center for Science and Mathematics;Bronx;40.833665;-73.902499;(40.833665, -73.902499);90.39500000000001;0.7126818999063704;-1.289841933001817;879;2307;3;157;17359;5;0
149;09X263;Validus Preparatory Academy: An Expeditionary Learning School;Bronx;40.839244;-73.901316;(40.839244, -73.901316);69.0975;0.7127792718253392;-1.2898212857567657;782;2299;0;48;7552;4;3
150;09X276;Leadership Institute;Bronx;40.840891;-73.898166;(40.840891, -73.898166);52.79;0.7128080173981194;-1.289766307885328;669;2673;1;81;18816;6;5
151;09X297;Morris Academy for Collaborative Studies;Bronx;40.827642;-73.904473;(40.827642, -73.904473);70.0195652173913;0.7125767787255227;-1.2898763858012512;1058;2310;2;190;14765;4;0
152;09X324;Bronx Early College Academy for Teaching & Learning;Bronx;40.828696;-73.917668;(40.828696, -73.917668);92.07619047619048;0.7125951744958388;-1.290106681996052;1342;3480;2;159;33347;0;4
153;09X327;Comprehensive Model School Project M.S. 327;Bronx;40.842495;-73.916082;(40.842495, -73.916082);85.33333333333333;0.7128360124793215;-1.2900790010741152;1006;5171;1;149;28665;5;1
154;09X329;DreamYard Preparatory School;Bronx;40.840422;-73.91091;(40.840422, -73.91091);52.78421052631579;0.7127998318039276;-1.2899887326452022;1067;2951;1;164;25577;7;0
155;09X350;New Directions Secondary School;Bronx;40.840422;-73.91091;(40.840422, -73.91091);;0.7127998318039276;-1.2899887326452022;1067;2951;1;164;25577;7;0
156;09X365;Academy for Language and Technology;Bronx;40.849623;-73.91607;(40.849623, -73.91607);88.13548387096773;0.7129604195484036;-1.290078791634605;1163;3525;2;151;17503;4;1
157;09X403;Bronx International High School;Bronx;40.827642;-73.904473;(40.827642, -73.904473);71.82115384615385;0.7125767787255227;-1.2898763858012512;1058;2310;2;190;14765;4;0
158;09X404;School for Excellence;Bronx;40.827642;-73.904473;(40.827642, -73.904473);66.0173076923077;0.7125767787255227;-1.2898763858012512;1058;2310;2;190;14765;4;0
159;09X412;Bronx High School of Business;Bronx;40.840422;-73.91091;(40.840422, -73.91091);51.20192307692308;0.7127998318039276;-1.2899887326452022;1067;2951;1;164;25577;7;0
160;09X413;Bronx High School for Medical Science;Bronx;40.840422;-73.91091;(40.840422, -73.91091);87.66326530612245;0.7127998318039276;-1.2899887326452022;1067;2951;1;164;25577;7;0
161;09X505;Bronx School for Law, Government and Justice;Bronx;40.827607;-73.918681;(40.827607, -73.918681);78.54807692307692;0.7125761678602845;-1.2901243621813747;1263;3766;2;174;32340;1;4
162;09X517;Frederick Douglass Academy III Secondary School;Bronx;40.833511;-73.90449;(40.833511, -73.90449);75.5906976744186;0.7126792120993223;-1.289876682507224;844;2589;4;203;22345;5;0
163;09X525;Bronx Leadership Academy High School;Bronx;40.843588;-73.903236;(40.843588, -73.903236);67.73846153846154;0.7128550889280457;-1.2898547960784041;892;4707;1;137;27055;0;0
164;09X543;High School for Violin and Dance;Bronx;40.827642;-73.904473;(40.827642, -73.904473);71.96326530612245;0.7125767787255227;-1.2898763858012512;1058;2310;2;190;14765;4;0
165;09X564;Claremont International HS;Bronx;40.840422;-73.91091;(40.840422, -73.91091);67.53333333333333;0.7127998318039276;-1.2899887326452022;1067;2951;1;164;25577;7;0
166;19K422;Spring Creek Community School;Brooklyn;40.657459;-73.874756;(40.657459, -73.874756);;0.7096065250446013;-1.2893577263074363;795;867;0;17;1141;0;0
167;09X568;Young Women's Leadership School of the Bronx;Bronx;40.848516;-73.908427;(40.848516, -73.908427);;0.7129410987535839;-1.2899453961198752;1250;4761;0;197;31980;5;0
168;10X141;Riverdale / Kingsbridge Academy (Middle School / High School 141);Bronx;40.888338;-73.913486;(40.888338, -73.913486);86.82115384615385;0.7136361237683132;-1.2900336923267337;709;830;1;2;689;0;1
169;10X213;Bronx Engineering and Technology Academy;Bronx;40.877105;-73.912256;(40.877105, -73.912256);75.18139534883721;0.7134400709334366;-1.290012224776934;455;1431;2;26;3608;4;0
170;10X225;Theatre Arts Production Company School;Bronx;40.854493;-73.896717;(40.854493, -73.896717);85.67999999999999;0.7130454170829756;-1.2897410180644664;1171;3194;0;209;37020;3;0
171;10X237;The Marie Curie School for Medicine, Nursing, and Health Professions;Bronx;40.875911;-73.901099;(40.875911, -73.901099);76.96976744186045;0.7134192317021679;-1.289817498392289;732;3178;0;36;7152;1;1
172;10X243;West Bronx Academy for the Future;Bronx;40.860043;-73.888267;(40.860043, -73.888267);67.80681818181819;0.7131422828564614;-1.289593537742673;797;3857;0;82;18057;2;2
173;10X264;Bronx Academy for Software Engineering (BASE);Bronx;40.855698;-73.882715;(40.855698, -73.882715);76.6;0.7130664483004622;-1.2894966370626024;874;2766;1;70;9708;2;2
174;10X268;Kingsbridge International High School;Bronx;40.870293;-73.898309;(40.870293, -73.898309);58.3875;0.7133211791047908;-1.2897688037061583;933;2485;1;65;12864;1;1
175;10X284;Bronx School of Law and Finance;Bronx;40.877105;-73.912256;(40.877105, -73.912256);71.55;0.7134400709334366;-1.290012224776934;455;1431;2;26;3608;4;0
176;10X342;International School for Liberal Arts;Bronx;40.870293;-73.898309;(40.870293, -73.898309);67.98333333333333;0.7133211791047908;-1.2897688037061583;933;2485;1;65;12864;1;1
177;10X351;Bronx Collaborative High School;Bronx;40.882178;-73.88691;(40.882178, -73.88691);12.383333333333333;0.7135286114863905;-1.2895698536247235;603;1982;1;23;5006;4;1
178;10X353;World View High School;Bronx;40.882178;-73.88691;(40.882178, -73.88691);85.7;0.7135286114863905;-1.2895698536247235;603;1982;1;23;5006;4;1
179;10X368;In-Tech Academy (M.S. / High School 368);Bronx;40.879368;-73.909896;(40.879368, -73.909896);80.15217391304348;0.7134795677344093;-1.289971035006587;760;2259;3;28;5128;4;0
180;10X374;Knowledge and Power Preparatory Academy International High School (Kappa);Bronx;40.860043;-73.888267;(40.860043, -73.888267);85.02903225806452;0.7131422828564614;-1.289593537742673;797;3857;0;82;18057;2;2
181;10X433;High School for Teaching and the Professions;Bronx;40.870293;-73.898309;(40.870293, -73.898309);68.37692307692308;0.7133211791047908;-1.2897688037061583;933;2485;1;65;12864;1;1
182;10X434;Belmont Preparatory High School;Bronx;40.860043;-73.888267;(40.860043, -73.888267);71.03877551020409;0.7131422828564614;-1.289593537742673;797;3857;0;82;18057;2;2
183;10X437;Fordham High School for the Arts;Bronx;40.860043;-73.888267;(40.860043, -73.888267);76.87551020408164;0.7131422828564614;-1.289593537742673;797;3857;0;82;18057;2;2
184;10X438;Fordham Leadership Academy for Business and Technology;Bronx;40.860043;-73.888267;(40.860043, -73.888267);52.49807692307692;0.7131422828564614;-1.289593537742673;797;3857;0;82;18057;2;2
185;10X439;Bronx High School for Law and Community Service;Bronx;40.860043;-73.888267;(40.860043, -73.888267);65.04081632653062;0.7131422828564614;-1.289593537742673;797;3857;0;82;18057;2;2
186;10X440;DeWitt Clinton High School;Bronx;40.882178;-73.88691;(40.882178, -73.88691);58.00384615384615;0.7135286114863905;-1.2895698536247235;603;1982;1;23;5006;4;1
187;10X442;Celia Cruz Bronx High School of Music, The;Bronx;40.870293;-73.898309;(40.870293, -73.898309);85.4608695652174;0.7133211791047908;-1.2897688037061583;933;2485;1;65;12864;1;1
188;10X445;Bronx High School of Science;Bronx;40.87759;-73.89104;(40.87759, -73.89104);99.52115384615385;0.7134485357803089;-1.2896419357228308;310;743;0;3;1603;0;0
189;10X477;Marble Hill High School for International Studies;Bronx;40.877105;-73.912256;(40.877105, -73.912256);91.87346938775511;0.7134400709334366;-1.290012224776934;455;1431;2;26;3608;4;0
190;10X524;Crotona International High School;Bronx;40.855698;-73.882715;(40.855698, -73.882715);49.154545454545456;0.7130664483004622;-1.2894966370626024;874;2766;1;70;9708;2;2
191;10X546;Bronx Theatre High School;Bronx;40.877105;-73.912256;(40.877105, -73.912256);70.86521739130436;0.7134400709334366;-1.290012224776934;455;1431;2;26;3608;4;0
192;10X549;Discovery High School;Bronx;40.870293;-73.898309;(40.870293, -73.898309);66.10434782608696;0.7133211791047908;-1.2897688037061583;933;2485;1;65;12864;1;1
193;10X565;High School for Energy and Technology;Bronx;40.855698;-73.882715;(40.855698, -73.882715);76.11666666666666;0.7130664483004622;-1.2894966370626024;874;2766;1;70;9708;2;2
194;10X696;High School of American Studies at Lehman College;Bronx;40.873938;-73.895382;(40.873938, -73.895382);98.8265306122449;0.713384796356026;-1.2897177179189525;577;803;0;24;3039;0;0
195;11X249;Bronx Health Sciences High School;Bronx;40.874091;-73.833904;(40.874091, -73.833904);95.31395348837209;0.7133874667097816;-1.2886447244014114;640;1140;0;20;1624;2;0
196;11X253;Bronx High School for Writing and Communication Arts;Bronx;40.875953;-73.86197;(40.875953, -73.86197);61.02173913043478;0.7134199647404538;-1.289134568509276;766;2101;2;61;7581;3;1
197;11X265;Bronx Lab School;Bronx;40.875953;-73.86197;(40.875953, -73.86197);73.78372093023255;0.7134199647404538;-1.289134568509276;766;2101;2;61;7581;3;1
198;11X270;Academy for Scholarship and Entrepreneurship: A College Board School;Bronx;40.887831;-73.852694;(40.887831, -73.852694);69.38292682926829;0.7136272749490056;-1.2889726717678611;718;1711;0;155;21988;0;0
199;11X275;High School of Computers and Technology;Bronx;40.875953;-73.86197;(40.875953, -73.86197);82.70930232558139;0.7134199647404538;-1.289134568509276;766;2101;2;61;7581;3;1
200;11X288;Collegiate Institute for Math and Science;Bronx;40.859665;-73.861006;(40.859665, -73.861006);85.02391304347826;0.7131356855118889;-1.289117743535287;843;990;2;57;3795;3;0
201;11X290;Bronx Academy of Health Careers;Bronx;40.875953;-73.86197;(40.875953, -73.86197);72.4608695652174;0.7134199647404538;-1.289134568509276;766;2101;2;61;7581;3;1
202;11X299;Astor Collegiate Academy;Bronx;40.859665;-73.861006;(40.859665, -73.861006);75.55869565217391;0.7131356855118889;-1.289117743535287;843;990;2;57;3795;3;0
203;11X418;Bronx High School for the Visual Arts;Bronx;40.851405;-73.865036;(40.851405, -73.865036);65.62857142857143;0.7129915213156741;-1.2891880803041422;1057;1983;1;15;5007;0;1
204;11X455;Harry S Truman High School;Bronx;40.874091;-73.833904;(40.874091, -73.833904);65.40384615384616;0.7133874667097816;-1.2886447244014114;640;1140;0;20;1624;2;0
205;11X508;Bronxdale High School;Bronx;40.859665;-73.861006;(40.859665, -73.861006);79.83636363636364;0.7131356855118889;-1.289117743535287;843;990;2;57;3795;3;0
206;11X509;High School of Language and Innovation;Bronx;40.859665;-73.861006;(40.859665, -73.861006);70.35454545454546;0.7131356855118889;-1.289117743535287;843;990;2;57;3795;3;0
207;11X513;New World High School;Bronx;40.887831;-73.852694;(40.887831, -73.852694);80.76046511627906;0.7136272749490056;-1.2889726717678611;718;1711;0;155;21988;0;0
208;11X514;The Bronxwood Preparatory Academy;Bronx;40.887831;-73.852694;(40.887831, -73.852694);64.16976744186047;0.7136272749490056;-1.2889726717678611;718;1711;0;155;21988;0;0
209;11X542;Pelham Preparatory Academy;Bronx;40.859665;-73.861006;(40.859665, -73.861006);90.62857142857143;0.7131356855118889;-1.289117743535287;843;990;2;57;3795;3;0
210;11X544;High School for Contemporary Arts;Bronx;40.875953;-73.86197;(40.875953, -73.86197);72.83695652173913;0.7134199647404538;-1.289134568509276;766;2101;2;61;7581;3;1
211;11X545;Bronx Aerospace High School;Bronx;40.875953;-73.86197;(40.875953, -73.86197);80.59183673469387;0.7134199647404538;-1.289134568509276;766;2101;2;61;7581;3;1
212;12X242;Mott Hall V;Bronx;40.831416;-73.877785;(40.831416, -73.877785);84.46875;0.712642647451493;-1.289410592330479;761;2433;2;130;23024;3;1
213;12X248;Metropolitan High School, The;Bronx;40.827315;-73.897612;(40.827315, -73.897612);67.33023255813953;0.7125710714988687;-1.2897566387612718;1421;1876;1;173;17184;0;0
214;12X251;Explorations Academy;Bronx;40.8359;-73.890458;(40.8359, -73.890458);65.9;0.7127209080151524;-1.2896317779065842;1071;2305;1;125;16041;9;3
215;12X267;Bronx Latin;Bronx;40.827743;-73.900105;(40.827743, -73.900105);83.90967741935484;0.7125785415080672;-1.289800149819524;1292;2002;3;221;17765;2;0
216;12X271;East Bronx Academy for the Future;Bronx;40.836356;-73.888361;(40.836356, -73.888361);69.15217391304348;0.7127288667165416;-1.28959517835217;980;2715;1;120;15868;5;2
217;12X278;Peace and Diversity Academy;Bronx;40.827315;-73.897612;(40.827315, -73.897612);43.87173913043478;0.7125710714988687;-1.2897566387612718;1421;1876;1;173;17184;0;0
218;12X372;Urban Assembly School for Wildlife Conservation;Bronx;40.843945;-73.884788;(40.843945, -73.884788);77.075;0.7128613197534753;-1.289532817737996;1154;2917;2;188;16884;4;2
219;12X388;Pan American International High School at Monroe;Bronx;40.831601;-73.878912;(40.831601, -73.878912);76.64615384615385;0.7126458763106092;-1.2894302621911489;666;2513;2;115;21450;3;1
220;12X478;THE CINEMA SCHOOL;Bronx;40.831416;-73.877785;(40.831416, -73.877785);93.75714285714287;0.712642647451493;-1.289410592330479;761;2433;2;130;23024;3;1
221;12X511;Bronx Envision Academy;Bronx;40.8359;-73.890458;(40.8359, -73.890458);59.964285714285715;0.7127209080151524;-1.2896317779065842;1071;2305;1;125;16041;9;3
222;16K594;Gotham Professional Arts Academy;Brooklyn;40.680463;-73.922264;(40.680463, -73.922264);63.696774193548386;0.7100080205857301;-1.2901868973284736;1098;3119;1;172;12947;2;0
223;12X521;The Metropolitan Soundview High School;Bronx;40.831601;-73.878912;(40.831601, -73.878912);73.46363636363637;0.7126458763106092;-1.2894302621911489;666;2513;2;115;21450;3;1
224;12X550;High School of World Cultures;Bronx;40.831601;-73.878912;(40.831601, -73.878912);65.7826923076923;0.7126458763106092;-1.2894302621911489;666;2513;2;115;21450;3;1
225;14K614;Young Women's Leadership School of Brooklyn;Brooklyn;40.705204;-73.939407;(40.705204, -73.939407);100.0;0.710439832495966;-1.290486099122143;789;3415;4;132;12979;0;0
226;12X682;Fannie Lou Hamer Freedom High School;Bronx;40.83087;-73.88626;(40.83087, -73.88626);67.5326923076923;0.712633117953777;-1.2895585089845853;727;2618;1;67;10735;4;0
227;12X684;Wings Academy;Bronx;40.841794;-73.875366;(40.841794, -73.875366);63.97692307692308;0.7128237777212649;-1.2893683728158734;473;3642;0;80;13604;0;3
228;12X692;Monroe Academy for Visual Arts & Design;Bronx;40.831601;-73.878912;(40.831601, -73.878912);49.51923076923077;0.7126458763106092;-1.2894302621911489;666;2513;2;115;21450;3;1
229;13K265;Dr. Susan S. McKinney Secondary School of the Arts;Brooklyn;40.696324;-73.97578;(40.696324, -73.97578);75.925;0.7102848472583888;-1.2911209277309708;535;2506;2;113;9194;2;4
230;13K350;Urban Assembly High School of Music and Art;Brooklyn;40.697339;-73.985016;(40.697339, -73.985016);67.31750000000001;0.7103025623502965;-1.291282126340685;568;7407;2;95;24055;9;4
231;13K412;Brooklyn Community High School of Communication, Arts and Media;Brooklyn;40.692642;-73.958794;(40.692642, -73.958794);72.51944444444445;0.7102205842353304;-1.290824466104227;762;3545;1;103;13208;6;0
232;13K419;Science Skills Center High School for Science, Technology and the Creative Arts;Brooklyn;40.697339;-73.985016;(40.697339, -73.985016);75.26538461538462;0.7103025623502965;-1.291282126340685;568;7407;2;95;24055;9;4
233;13K430;Brooklyn Technical High School;Brooklyn;40.688834;-73.976905;(40.688834, -73.976905);96.65192307692307;0.7101541220974145;-1.2911405626850558;1099;4486;0;29;15019;4;5
234;13K439;Brooklyn International High School;Brooklyn;40.697339;-73.985016;(40.697339, -73.985016);86.07884615384616;0.7103025623502965;-1.291282126340685;568;7407;2;95;24055;9;4
235;13K483;The Urban Assembly School for Law and Justice;Brooklyn;40.694682;-73.988853;(40.694682, -73.988853);90.89767441860465;0.7102561889520711;-1.2913490946240842;954;7185;1;15;29657;5;6
236;13K499;ACORN Community High School;Brooklyn;40.678488;-73.962105;(40.678488, -73.962105);70.38076923076923;0.7099735503330031;-1.2908822539557605;1022;2745;1;64;8018;5;2
237;13K527;Urban Assembly Institute of Math and Science for Young Women;Brooklyn;40.694682;-73.988853;(40.694682, -73.988853);84.74761904761905;0.7102561889520711;-1.2913490946240842;954;7185;1;15;29657;5;6
238;13K595;Bedford Academy High School;Brooklyn;40.68538;-73.954302;(40.68538, -73.954302);96.98478260869565;0.7100938384250506;-1.2907460659142274;1185;2948;1;140;15454;1;0
239;13K605;George Westinghouse Career and Technical Education High School;Brooklyn;40.694926;-73.986015;(40.694926, -73.986015);68.67307692307692;0.7102604475554459;-1.2912995621799124;711;7427;2;44;36117;6;6
240;13K670;Benjamin Banneker Academy;Brooklyn;40.695332;-73.969243;(40.695332, -73.969243);94.8096153846154;0.7102675335922091;-1.291006835557768;1023;2400;0;54;5662;0;3
241;13K674;City Polytechnic High School of Engineering, Architecture, and Technology;Brooklyn;40.694926;-73.986015;(40.694926, -73.986015);82.8;0.7102604475554459;-1.2912995621799124;711;7427;2;44;36117;6;6
242;14K071;Juan Morel Campos Secondary School;Brooklyn;40.703624;-73.953146;(40.703624, -73.953146);55.86279069767442;0.7104122562937843;-1.2907258899080745;1233;3117;0;28;12405;7;0
243;14K322;Foundations Academy;Brooklyn;40.697152;-73.946641;(40.697152, -73.946641);45.94;0.7102992985845954;-1.2906123562402323;608;2575;1;217;17433;4;2
244;14K449;Brooklyn Latin School, The;Brooklyn;40.709941;-73.943641;(40.709941, -73.943641);98.1861111111111;0.7105225087426329;-1.2905599963626724;1122;3179;1;60;8331;11;0
245;14K454;Green School: An Academy for Environmental Careers;Brooklyn;40.709941;-73.943641;(40.709941, -73.943641);63.74166666666666;0.7105225087426329;-1.2905599963626724;1122;3179;1;60;8331;11;0
246;14K474;PROGRESS High School for Professional Careers;Brooklyn;40.712184;-73.939722;(40.712184, -73.939722);68.82307692307693;0.7105616564777552;-1.2904915969092867;803;3308;1;40;6417;7;1
247;14K477;School for Legal Studies;Brooklyn;40.712184;-73.939722;(40.712184, -73.939722);63.517307692307696;0.7105616564777552;-1.2904915969092867;803;3308;1;40;6417;7;1
248;14K478;The High School for Enterprise, Business and Technology;Brooklyn;40.712184;-73.939722;(40.712184, -73.939722);81.80384615384615;0.7105616564777552;-1.2904915969092867;803;3308;1;40;6417;7;1
249;14K488;Brooklyn Preparatory High School;Brooklyn;40.715073;-73.954754;(40.715073, -73.954754);83.86744186046512;0.7106120790398451;-1.2907539548024465;1177;4936;0;10;6702;0;1
250;14K558;Williamsburg High School for Architecture and Design;Brooklyn;40.715073;-73.954754;(40.715073, -73.954754);87.07674418604651;0.7106120790398451;-1.2907539548024465;1177;4936;0;10;6702;0;1
251;14K561;Williamsburg Preparatory School;Brooklyn;40.715073;-73.954754;(40.715073, -73.954754);86.41555555555556;0.7106120790398451;-1.2907539548024465;1177;4936;0;10;6702;0;1
252;14K586;Lyons Community School;Brooklyn;40.709941;-73.943641;(40.709941, -73.943641);66.19677419354838;0.7105225087426329;-1.2905599963626724;1122;3179;1;60;8331;11;0
253;14K610;Automotive High School;Brooklyn;40.721981;-73.953281;(40.721981, -73.953281);56.38269230769231;0.710732646384573;-1.2907282461025646;992;2306;1;13;2874;3;8
254;14K632;Frances Perkins Academy;Brooklyn;40.721981;-73.953281;(40.721981, -73.953281);65.62307692307692;0.710732646384573;-1.2907282461025646;992;2306;1;13;2874;3;8
255;14K685;El Puente Academy for Peace and Justice;Brooklyn;40.705898;-73.955611;(40.705898, -73.955611);71.75192307692308;0.7104519450809748;-1.2907689122741361;1231;4075;2;35;15283;6;0
256;15K423;Brooklyn Frontiers High School;Brooklyn;40.690145;-73.989132;(40.690145, -73.989132);32.32727272727273;0.7101770033639081;-1.291353964092697;1271;5749;0;7;32632;5;2
257;15K429;Brooklyn School for Global Studies;Brooklyn;40.685419;-73.993351;(40.685419, -73.993351);65.74038461538461;0.7100945191034589;-1.291427599533839;1619;2957;1;34;7015;6;3
258;15K448;Brooklyn Secondary School for Collaborative Studies;Brooklyn;40.68007;-74.001377;(40.68007, -74.001377);88.375;0.7100011614417696;-1.2915676796596038;1323;3641;2;21;8388;0;0
259;15K462;Secondary School for Law;Brooklyn;40.669629;-73.979287;(40.669629, -73.979287);78.5173076923077;0.7098189316145689;-1.2911821364278382;1654;2067;2;1;2199;0;1
260;15K463;Secondary School for Journalism;Brooklyn;40.669629;-73.979287;(40.669629, -73.979287);69.46530612244898;0.7098189316145689;-1.2911821364278382;1654;2067;2;1;2199;0;1
261;15K464;Park Slope Collegiate;Brooklyn;40.669629;-73.979287;(40.669629, -73.979287);67.14423076923077;0.7098189316145689;-1.2911821364278382;1654;2067;2;1;2199;0;1
262;15K497;School for International Studies;Brooklyn;40.685419;-73.993351;(40.685419, -73.993351);68.93461538461538;0.7100945191034589;-1.291427599533839;1619;2957;1;34;7015;6;3
263;15K519;Cobble Hill School of American Studies;Brooklyn;40.684524;-73.990993;(40.684524, -73.990993);68.45;0.7100788984066535;-1.2913864446700767;1450;2415;0;52;8440;7;1
264;15K592;Khalil Gibran International Academy;Brooklyn;40.686499;-73.979649;(40.686499, -73.979649);68.35000000000001;0.7101133686593804;-1.2911884545197303;1225;7512;1;40;21049;4;3
265;15K656;Brooklyn High School of the Arts;Brooklyn;40.683559;-73.98027;(40.683559, -73.98027);85.05192307692307;0.7100620559793718;-1.2911992930143854;1161;6327;2;43;18526;6;0
266;15K667;Sunset Park High School;Brooklyn;40.65571;-74.005197;(40.65571, -74.005197);73.01904761904763;0.7095759992359838;-1.2916343512370299;584;3619;0;15;13086;6;0
267;15K684;Millennium Brooklyn HS;Brooklyn;40.669629;-73.979287;(40.669629, -73.979287);97.2090909090909;0.7098189316145689;-1.2911821364278382;1654;2067;2;1;2199;0;1
268;16K393;Frederick Douglass Academy IV Secondary School;Brooklyn;40.692126;-73.931731;(40.692126, -73.931731);72.95;0.7102115783363901;-1.29035212764876;957;2725;4;128;12047;4;0
269;16K455;Boys and Girls High School;Brooklyn;40.67944;-73.932407;(40.67944, -73.932407);50.57884615384615;0.7099901658674821;-1.2903639260745032;1130;3744;1;200;13959;1;1
270;16K498;Brooklyn High School for Law and Technology;Brooklyn;40.688831;-73.920906;(40.688831, -73.920906);68.08076923076922;0.7101540697375369;-1.2901631957572315;1004;3231;2;183;23323;6;0
271;16K688;The Brooklyn Academy of Global Finance;Brooklyn;40.691274;-73.933697;(40.691274, -73.933697);51.30384615384616;0.7101967081311631;-1.290386440821854;1006;2204;3;174;12428;5;0
272;16K765;Nelson Mandela High School;Brooklyn;40.67944;-73.932407;(40.67944, -73.932407);;0.7099901658674821;-1.2903639260745032;1130;3744;1;200;13959;1;1
273;17K122;Pathways in Technology Early College High School (P-Tech);Brooklyn;40.675612;-73.938843;(40.675612, -73.938843);74.8;0.7099233546637158;-1.2904762554651619;861;3008;4;169;13054;5;2
274;17K382;Academy for College Preparation and Career Exploration: A College Board School;Brooklyn;40.649787;-73.95855;(40.649787, -73.95855);72.35277777777777;0.7094726233843883;-1.2908202075008524;663;4482;1;180;20784;9;1
275;17K408;Academy of Hospitality and Tourism;Brooklyn;40.649787;-73.95855;(40.649787, -73.95855);65.20833333333333;0.7094726233843883;-1.2908202075008524;663;4482;1;180;20784;9;1
276;17K524;International High School at Prospect Heights;Brooklyn;40.670349;-73.961695;(40.670349, -73.961695);66.10000000000001;0.7098314979851833;-1.2908750981058275;930;1912;0;94;10907;7;1
277;17K528;The High School for Global Citizenship;Brooklyn;40.670349;-73.961695;(40.670349, -73.961695);65.22093023255815;0.7098314979851833;-1.2908750981058275;930;1912;0;94;10907;7;1
278;17K531;School for Human Rights, The;Brooklyn;40.658893;-73.942458;(40.658893, -73.942458);74.80869565217391;0.7096315530660748;-1.2905393491176214;641;2408;1;61;8333;6;0
279;17K533;School for Democracy and Leadership;Brooklyn;40.658893;-73.942458;(40.658893, -73.942458);66.72093023255815;0.7096315530660748;-1.2905393491176214;641;2408;1;61;8333;6;0
280;17K537;High School for Youth and Community Development at Erasmus;Brooklyn;40.649787;-73.95855;(40.649787, -73.95855);68.80869565217391;0.7094726233843883;-1.2908202075008524;663;4482;1;180;20784;9;1
281;17K539;High School for Service & Learning at Erasmus;Brooklyn;40.649787;-73.95855;(40.649787, -73.95855);73.95652173913044;0.7094726233843883;-1.2908202075008524;663;4482;1;180;20784;9;1
282;17K543;Science, Technology and Research Early College High School at Erasmus;Brooklyn;40.649787;-73.95855;(40.649787, -73.95855);97.3804347826087;0.7094726233843883;-1.2908202075008524;663;4482;1;180;20784;9;1
283;17K546;High School for Public Service: Heroes of Tomorrow;Brooklyn;40.658893;-73.942458;(40.658893, -73.942458);95.49782608695651;0.7096315530660748;-1.2905393491176214;641;2408;1;61;8333;6;0
284;17K547;Brooklyn Academy of Science and the Environment;Brooklyn;40.670349;-73.961695;(40.670349, -73.961695);73.18163265306123;0.7098314979851833;-1.2908750981058275;930;1912;0;94;10907;7;1
285;17K548;Brooklyn School for Music & Theatre;Brooklyn;40.670349;-73.961695;(40.670349, -73.961695);79.33695652173913;0.7098314979851833;-1.2908750981058275;930;1912;0;94;10907;7;1
286;17K590;Medgar Evers College Preparatory School;Brooklyn;40.667195;-73.951167;(40.667195, -73.951167);94.10384615384615;0.7097764503005753;-1.2906913498421775;1239;4247;0;115;18504;3;0
287;17K600;Clara Barton High School;Brooklyn;40.669567;-73.961962;(40.669567, -73.961962);73.95576923076922;0.7098178495104327;-1.2908797581349303;853;1734;0;86;10212;7;1
288;17K745;Brooklyn Institute for Liberal Arts;Brooklyn;40.658893;-73.942458;(40.658893, -73.942458);94.2;0.7096315530660748;-1.2905393491176214;641;2408;1;61;8333;6;0
289;17K751;Academy for Health Careers;Brooklyn;40.675612;-73.938843;(40.675612, -73.938843);75.60625;0.7099233546637158;-1.2904762554651619;861;3008;4;169;13054;5;2
290;18K563;It Takes a Village Academy;Brooklyn;40.648657;-73.922171;(40.648657, -73.922171);85.02941176470588;0.7094529011638406;-1.2901852741722692;932;2953;0;55;3264;2;0
291;18K566;Brooklyn Generation School;Brooklyn;40.633285;-73.916735;(40.633285, -73.916735);59.550000000000004;0.7091846091512242;-1.2900903980741307;678;2248;2;62;3770;1;0
292;18K567;Brooklyn Theatre Arts High School;Brooklyn;40.633285;-73.916735;(40.633285, -73.916735);66.87058823529412;0.7091846091512242;-1.2900903980741307;678;2248;2;62;3770;1;0
293;18K569;Kurt Hahn Expeditionary Learning School;Brooklyn;40.648657;-73.922171;(40.648657, -73.922171);71.97878787878788;0.7094529011638406;-1.2901852741722692;932;2953;0;55;3264;2;0
294;18K576;Victory Collegiate High School;Brooklyn;40.633285;-73.916735;(40.633285, -73.916735);81.80000000000001;0.7091846091512242;-1.2900903980741307;678;2248;2;62;3770;1;0
295;18K589;Arts & Media Preparatory Academy;Brooklyn;40.65843;-73.929076;(40.65843, -73.929076);66.6741935483871;0.7096234721916381;-1.2903057891571192;921;3348;0;134;8114;1;0
296;18K617;High School for Innovation in Advertising and Media;Brooklyn;40.641474;-73.898254;(40.641474, -73.898254);74.37307692307692;0.70932753416367;-1.2897678437750697;704;2138;0;49;3532;2;0
297;18K629;Cultural Academy for the Arts and Sciences;Brooklyn;40.648657;-73.922171;(40.648657, -73.922171);64.20333333333333;0.7094529011638406;-1.2901852741722692;932;2953;0;55;3264;2;0
298;18K633;High School for Medical Professions;Brooklyn;40.641474;-73.898254;(40.641474, -73.898254);92.95384615384616;0.70932753416367;-1.2897678437750697;704;2138;0;49;3532;2;0
299;18K637;Academy for Conservation and the Environment;Brooklyn;40.633285;-73.916735;(40.633285, -73.916735);69.22142857142858;0.7091846091512242;-1.2900903980741307;678;2248;2;62;3770;1;0
300;18K642;Urban Action Academy;Brooklyn;40.641474;-73.898254;(40.641474, -73.898254);61.353125;0.70932753416367;-1.2897678437750697;704;2138;0;49;3532;2;0
301;19K404;Academy for Young Writers;Brooklyn;40.657459;-73.874756;(40.657459, -73.874756);82.98888888888888;0.7096065250446013;-1.2893577263074363;795;867;0;17;1141;0;0
302;19K409;East New York Family Academy;Brooklyn;40.661072;-73.886942;(40.661072, -73.886942);87.225;0.7096695837904757;-1.2895704121300842;1164;3683;2;142;13496;7;1
303;19K502;FDNY High School for Fire and Life Safety;Brooklyn;40.667456;-73.894747;(40.667456, -73.894747);64.91956521739131;0.7097810056099231;-1.2897066350782023;1490;3042;1;213;19603;13;1
304;19K504;High School for Civil Rights;Brooklyn;40.667456;-73.894747;(40.667456, -73.894747);55.553061224489795;0.7097810056099231;-1.2897066350782023;1490;3042;1;213;19603;13;1
305;19K507;Performing Arts and Technology High School;Brooklyn;40.667456;-73.894747;(40.667456, -73.894747);68.7108695652174;0.7097810056099231;-1.2897066350782023;1490;3042;1;213;19603;13;1
306;19K510;World Academy for Total Community Health High School;Brooklyn;40.667456;-73.894747;(40.667456, -73.894747);65.33260869565218;0.7097810056099231;-1.2897066350782023;1490;3042;1;213;19603;13;1
307;19K583;Multicultural High School;Brooklyn;40.691146;-73.868328;(40.691146, -73.868328);52.03225806451613;0.7101944741097206;-1.289245536543118;625;1072;0;4;3567;6;0
308;19K615;Transit Tech Career and Technical Education High School;Brooklyn;40.678276;-73.87596;(40.678276, -73.87596);74.25961538461539;0.7099698502349888;-1.2893787400716301;1003;3677;1;47;11722;2;2
309;19K618;Academy of Innovative Technology;Brooklyn;40.691146;-73.868328;(40.691146, -73.868328);71.29230769230769;0.7101944741097206;-1.289245536543118;625;1072;0;4;3567;6;0
310;19K639;Brooklyn Lab School;Brooklyn;40.691146;-73.868328;(40.691146, -73.868328);51.351612903225806;0.7101944741097206;-1.289245536543118;625;1072;0;4;3567;6;0
311;19K659;Cypress Hills Collegiate Preparatory School;Brooklyn;40.691146;-73.868328;(40.691146, -73.868328);62.102777777777774;0.7101944741097206;-1.289245536543118;625;1072;0;4;3567;6;0
312;19K660;W. H. Maxwell Career and Technical Education High School;Brooklyn;40.674135;-73.89643;(40.674135, -73.89643);56.198076923076925;0.7098975761506637;-1.2897360089695133;1059;6933;0;83;12913;6;0
313;19K683;The School for Classics: An Academy of Thinkers, Writers and Performers;Brooklyn;40.670724;-73.874208;(40.670724, -73.874208);79.36538461538461;0.7098380429698783;-1.289348161903135;1168;2523;1;163;13174;3;1
314;19K764;The Urban Assembly School for Collaborative Healthcare;Brooklyn;40.691146;-73.868328;(40.691146, -73.868328);;0.7101944741097206;-1.289245536543118;625;1072;0;4;3567;6;0
315;20K445;New Utrecht High School;Brooklyn;40.613262;-74.003404;(40.613262, -74.003404);70.91730769230769;0.7088351418750972;-1.2916030574835418;750;1593;1;5;2039;1;0
316;20K485;High School of Telecommunication Arts and Technology;Brooklyn;40.637282;-74.023849;(40.637282, -74.023849);83.10384615384615;0.7092543699614263;-1.291959890049112;752;2695;1;6;10800;0;0
317;20K490;Fort Hamilton High School;Brooklyn;40.627835;-74.040046;(40.627835, -74.040046);69.55;0.7090894887069904;-1.2922425810280576;966;368;0;0;735;1;0
318;20K505;Franklin Delano Roosevelt High School;Brooklyn;40.620446;-73.981795;(40.620446, -73.981795);61.75192307692308;0.7089605263285605;-1.2912259092854783;692;1202;0;1;1190;1;0
319;20K609;Urban Assembly School for Criminal Justice;Brooklyn;40.634875;-73.981528;(40.634875, -73.981528);93.63125;0.7092123598863308;-1.2912212492563755;1062;2050;0;4;1552;2;0
320;21K337;International High School at Lafayette;Brooklyn;40.594291;-73.98577;(40.594291, -73.98577);65.36749999999999;0.7085040354627015;-1.2912952861232452;590;1398;1;41;3890;1;0
321;21K344;Rachel Carson High School for Coastal Studies;Brooklyn;40.582533;-73.973132;(40.582533, -73.973132);73.44390243902438;0.7082988196492519;-1.2910747114123782;465;1834;0;0;1757;0;0
322;21K348;High School of Sports Management;Brooklyn;40.594291;-73.98577;(40.594291, -73.98577);77.1575;0.7085040354627015;-1.2912952861232452;590;1398;1;41;3890;1;0
323;21K410;Abraham Lincoln High School;Brooklyn;40.581681;-73.967308;(40.581681, -73.967308);67.58269230769231;0.7082839494440251;-1.290973063436742;664;2533;0;5;4186;0;0
324;21K468;Kingsborough Early College School;Brooklyn;40.594291;-73.98577;(40.594291, -73.98577);94.8047619047619;0.7085040354627015;-1.2912952861232452;590;1398;1;41;3890;1;0
325;21K525;Edward R. Murrow High School;Brooklyn;40.620525;-73.959285;(40.620525, -73.959285);79.67307692307692;0.7089619051386696;-1.2908330356708542;972;2146;1;1;3125;13;0
326;21K540;John Dewey High School;Brooklyn;40.589268;-73.981738;(40.589268, -73.981738);71.02692307692308;0.7084163675743738;-1.2912249144478047;223;656;1;47;4714;0;0
327;21K559;Life Academy High School for Film and Music;Brooklyn;40.594291;-73.98577;(40.594291, -73.98577);88.29032258064517;0.7085040354627015;-1.2912952861232452;590;1398;1;41;3890;1;0
328;21K572;Expeditionary Learning School for Community Leaders;Brooklyn;40.594291;-73.98577;(40.594291, -73.98577);75.56774193548387;0.7085040354627015;-1.2912952861232452;590;1398;1;41;3890;1;0
329;21K620;William E. Grady Career and Technical Education High School;Brooklyn;40.582585;-73.963477;(40.582585, -73.963477);58.448076923076925;0.708299727220463;-1.290906199873098;621;3171;0;7;5280;2;0
330;21K690;Brooklyn Studio Secondary School;Brooklyn;40.604879;-73.994404;(40.604879, -73.994404);74.50384615384615;0.7086888309239026;-1.2914459778508622;739;2620;0;7;3711;8;0
331;22K405;Midwood High School;Brooklyn;40.633237;-73.952929;(40.633237, -73.952929);89.15576923076924;0.7091837713931832;-1.2907221025435975;881;2395;0;38;6946;3;0
332;22K425;James Madison High School;Brooklyn;40.609912;-73.948512;(40.609912, -73.948512);75.35576923076923;0.7087766733451555;-1.290645011350537;1319;1803;1;1;1670;0;0
333;22K535;Leon M. Goldstein High School for the Sciences;Brooklyn;40.580894;-73.935952;(40.580894, -73.935952);93.68846153846154;0.7082702137028117;-1.2904257979964866;425;498;0;1;1083;0;0
334;22K555;Brooklyn College Academy;Brooklyn;40.649404;-73.971736;(40.649404, -73.971736);96.76170212765958;0.7094659387733531;-1.2910503466160204;918;1978;1;3;2342;4;0
335;22K611;Origins High School;Brooklyn;40.594124;-73.937696;(40.594124, -73.937696);75.0;0.7085011207628507;-1.2904562365386414;635;1262;2;63;5960;2;0
336;23K493;Brooklyn Collegiate: A College Board School;Brooklyn;40.674103;-73.913273;(40.674103, -73.913273);71.48372093023256;0.7098970176453032;-1.290029974775427;915;5011;2;281;28691;5;0
337;23K514;Frederick Douglass Academy VII High School;Brooklyn;40.665878;-73.911705;(40.665878, -73.911705);69.97906976744186;0.7097534643143266;-1.2900026080127553;769;2753;1;263;23442;2;0
338;23K644;Eagle Academy for Young Men II;Brooklyn;40.677805;-73.915843;(40.677805, -73.915843);89.43636363636364;0.709961629734212;-1.2900748297372029;1082;3540;0;149;13286;2;0
339;23K697;Teachers Preparatory High School;Brooklyn;40.665878;-73.911705;(40.665878, -73.911705);75.36938775510204;0.7097534643143266;-1.2900026080127553;769;2753;1;263;23442;2;0
340;24Q236;International High School for Health Sciences;Queens;40.741122;-73.874721;(40.741122, -73.874721);58.6;0.7110667198566972;-1.2893571154421979;920;1907;2;17;5311;0;0
341;24Q264;Academy of Finance and Enterprise;Queens;40.745095;-73.936635;(40.745095, -73.936635);92.385;0.7111360617878789;-1.2904377185952776;324;4370;0;4;2200;5;0
342;24Q267;High School of Applied Communication;Queens;40.745095;-73.936635;(40.745095, -73.936635);80.905;0.7111360617878789;-1.2904377185952776;324;4370;0;4;2200;5;0
343;24Q293;Civic Leadership Academy;Queens;40.74373;-73.870642;(40.74373, -73.870642);87.26538461538462;0.7111122380435893;-1.289285923462009;1073;2211;0;34;16552;0;0
344;24Q296;Pan American International High School;Queens;40.74373;-73.870642;(40.74373, -73.870642);63.42258064516129;0.7111122380435893;-1.289285923462009;1073;2211;0;34;16552;0;0
345;24Q299;Bard High School Early College Queens;Queens;40.745095;-73.936635;(40.745095, -73.936635);98.1861111111111;0.7111360617878789;-1.2904377185952776;324;4370;0;4;2200;5;0
346;24Q455;Newtown High School;Queens;40.741122;-73.874721;(40.741122, -73.874721);62.08846153846154;0.7110667198566972;-1.2893571154421979;920;1907;2;17;5311;0;0
347;24Q485;Grover Cleveland High School;Queens;40.711033;-73.908814;(40.711033, -73.908814);61.76153846153846;0.7105415677380646;-1.2899521505440805;1102;1992;0;6;3343;2;2
348;24Q520;Middle College High School at LaGuardia Community College;Queens;40.744412;-73.93364;(40.744412, -73.93364);72.66923076923078;0.7111241411890878;-1.2903854459841804;425;3940;0;6;1656;5;0
349;24Q530;International High School at LaGuardia Community College;Queens;40.744412;-73.93364;(40.744412, -73.93364);77.65;0.7111241411890878;-1.2903854459841804;425;3940;0;6;1656;5;0
350;24Q550;High School for Arts and Business;Queens;40.737427;-73.853178;(40.737427, -73.853178);80.23076923076923;0.711002229940836;-1.2889811191614406;794;3944;1;5;2760;5;0
351;24Q560;Robert F. Wagner, Jr. Secondary School for Arts and Technology;Queens;40.742839;-73.936782;(40.742839, -73.936782);79.92884615384615;0.7110966871599539;-1.290440284229278;341;4093;0;4;1477;5;0
352;24Q585;Maspeth High School;Queens;40.729939;-73.887482;(40.729939, -73.887482);98.13636363636364;0.7108715396864468;-1.289579836908045;654;1167;0;0;903;0;1
353;24Q600;Queens Vocational and Technical High School;Queens;40.742205;-73.928219;(40.742205, -73.928219);74.90192307692308;0.7110856217724963;-1.2902908316854298;752;2990;1;5;2571;6;0
354;24Q610;Aviation Career & Technical Education High School;Queens;40.743509;-73.929076;(40.743509, -73.929076);87.14038461538462;0.7111083808659424;-1.2903057891571192;669;3597;1;5;2514;6;0
355;25Q240;Veritas Academy;Queens;40.765166;-73.82789;(40.765166, -73.82789);79.05;0.7114863668220468;-1.2885397603001965;815;4823;1;26;21075;3;0
356;25Q241;Queens High School for Language Studies;Queens;40.765166;-73.82789;(40.765166, -73.82789);93.9;0.7114863668220468;-1.2885397603001965;815;4823;1;26;21075;3;0
357;25Q252;Queens School of Inquiry, The;Queens;40.724458;-73.810216;(40.724458, -73.810216);95.21538461538461;0.7107758781901449;-1.288231290808199;1447;1154;0;3;1604;3;0
358;25Q263;Flushing International High School;Queens;40.759844;-73.820548;(40.759844, -73.820548);70.51860465116279;0.7113934803992557;-1.288411618226515;967;2156;0;3;2894;6;0
359;25Q281;East-West School of International Studies;Queens;40.749545;-73.822073;(40.749545, -73.822073);93.17500000000001;0.7112137289395927;-1.288438234497608;728;1957;1;3;2178;2;0
360;25Q285;World Journalism Preparatory: A College Board School;Queens;40.765133;-73.790083;(40.765133, -73.790083);91.62432432432432;0.7114857908633936;-1.287879903669895;1199;1231;0;0;782;1;0
361;25Q425;John Bowne High School;Queens;40.738139;-73.824944;(40.738139, -73.824944);66.35384615384615;0.7110146566851102;-1.2884883429004328;735;1049;0;2;658;0;0
362;25Q460;Flushing High School;Queens;40.765166;-73.82789;(40.765166, -73.82789);60.85576923076923;0.7114863668220468;-1.2885397603001965;815;4823;1;26;21075;3;0
363;25Q525;Townsend Harris High School;Queens;40.73439;-73.821392;(40.73439, -73.821392);99.88076923076923;0.7109492242914529;-1.288426348805402;779;583;0;0;456;0;0
364;25Q670;Robert F. Kennedy Community High School;Queens;40.725603;-73.810697;(40.725603, -73.810697);80.45769230769231;0.7107958622100802;-1.2882396858419012;1305;1105;0;8;10460;3;1
365;26Q315;Business Technology Early College High School;Queens;40.733066;-73.738756;(40.733066, -73.738756);;0.7109261161321566;-1.2869840785247237;1238;787;0;1;927;0;0
366;26Q415;Benjamin N. Cardozo High School;Queens;40.752333;-73.75599;(40.752333, -73.75599);87.0673076923077;0.7112623887191383;-1.2872848685680125;822;1640;1;1;1000;0;0
367;26Q430;Francis Lewis High School;Queens;40.740724;-73.79283;(40.740724, -73.79283);85.49615384615385;0.7110597734462742;-1.2879278478644471;1019;1804;0;0;749;2;0
368;26Q435;Martin Van Buren High School;Queens;40.733066;-73.738756;(40.733066, -73.738756);66.55961538461538;0.7109261161321566;-1.2869840785247237;1238;787;0;1;927;0;0
369;26Q495;Bayside High School;Queens;40.771755;-73.780296;(40.771755, -73.780296);87.9423076923077;0.7116013665664607;-1.2877090882960023;1122;502;0;0;524;0;0
370;26Q566;Queens High School of Teaching, Liberal Arts and the Sciences;Queens;40.746088;-73.727535;(40.746088, -73.727535);89.9673469387755;0.7111533929073512;-1.2867882351293576;348;666;0;0;214;2;0
371;27Q260;Frederick Douglass Academy VI High School;Queens;40.60201;-73.762795;(40.60201, -73.762795);67.10697674418604;0.7086387574276629;-1.2874036382236107;872;874;1;25;3849;2;0
372;27Q262;Channel View School for Research;Queens;40.586066;-73.822624;(40.586066, -73.822624);92.55116279069767;0.708360482131725;-1.2884478512617865;255;648;0;8;2093;2;2
373;27Q302;Queens High School for Information, Research, and Technology;Queens;40.60201;-73.762795;(40.60201, -73.762795);60.334375;0.7086387574276629;-1.2874036382236107;872;874;1;25;3849;2;0
374;27Q308;Robert H. Goddard High School of Communication Arts and Technology;Queens;40.67124;-73.845141;(40.67124, -73.845141);91.0653846153846;0.7098470488688186;-1.288840847049458;922;2221;0;5;1628;0;1
375;27Q309;Academy of Medical Technology: A College Board School;Queens;40.60201;-73.762795;(40.60201, -73.762795);71.16923076923077;0.7086387574276629;-1.2874036382236107;872;874;1;25;3849;2;0
376;27Q314;Epic High School - South;Queens;40.675771;-73.816938;(40.675771, -73.816938);;0.7099261297372264;-1.2883486118405179;941;1598;0;12;2807;1;0
377;27Q323;Scholars' Academy;Queens;40.584109;-73.825711;(40.584109, -73.825711);99.7290322580645;0.7083263260382633;-1.2885017295757955;334;682;1;3;1792;2;2
378;27Q324;Rockaway Park High School for Environmental Sustainability;Queens;40.586066;-73.822624;(40.586066, -73.822624);60.04117647058824;0.708360482131725;-1.2884478512617865;255;648;0;8;2093;2;2
379;27Q334;Epic High School - North;Queens;40.693006;-73.829407;(40.693006, -73.829407);;0.7102269372338076;-1.2885662369449493;1056;2585;0;18;3856;0;0
380;27Q351;Rockaway Collegiate High School;Queens;40.586066;-73.822624;(40.586066, -73.822624);46.3625;0.708360482131725;-1.2884478512617865;255;648;0;8;2093;2;2
381;27Q400;August Martin High School;Queens;40.675633;-73.783342;(40.675633, -73.783342);51.276923076923076;0.7099237211828586;-1.2877622510250182;781;1495;0;9;4296;1;1
382;27Q475;Richmond Hill High School;Queens;40.695888;-73.833681;(40.695888, -73.833681);59.12115384615385;0.7102772376228501;-1.2886408323171794;1021;2040;0;28;20102;4;0
383;27Q480;John Adams High School;Queens;40.679639;-73.837298;(40.679639, -73.837298);59.33269230769231;0.7099936390726936;-1.288703960876224;729;1683;0;31;12688;2;0
384;27Q650;High School for Construction Trades, Engineering and Architecture;Queens;40.689591;-73.840717;(40.689591, -73.840717);96.08333333333333;0.710167334239852;-1.2887636336833497;777;1830;1;5;3101;0;0
385;28Q167;Metropolitan Expeditionary Learning School;Queens;40.711367;-73.856698;(40.711367, -73.856698);99.0;0.7105473971377664;-1.2890425547511108;906;1907;1;0;1974;0;0
386;28Q284;York Early College Academy;Queens;40.69719;-73.787192;(40.69719, -73.787192);95.91428571428571;0.7102999618097111;-1.2878294462012199;662;1461;1;88;7069;5;0
387;28Q310;Queens Collegiate: A College Board School;Queens;40.713218;-73.797237;(40.713218, -73.797237);83.51538461538462;0.7105797031822207;-1.2880047645245825;911;2425;0;4;5666;1;1
388;28Q325;Hillside Arts & Letters Academy;Queens;40.713218;-73.797237;(40.713218, -73.797237);82.23125;0.7105797031822207;-1.2880047645245825;911;2425;0;4;5666;1;1
389;28Q328;High School for Community Leadership;Queens;40.713218;-73.797237;(40.713218, -73.797237);84.525;0.7105797031822207;-1.2880047645245825;911;2425;0;4;5666;1;1
390;28Q350;Jamaica Gateway to the Sciences;Queens;40.713218;-73.797237;(40.713218, -73.797237);89.9;0.7105797031822207;-1.2880047645245825;911;2425;0;4;5666;1;1
391;28Q440;Forest Hills High School;Queens;40.729402;-73.845637;(40.729402, -73.845637);85.77692307692307;0.7108621672683635;-1.2888495038825478;1178;1326;0;0;1418;3;0
392;28Q505;Hillcrest High School;Queens;40.709446;-73.80166;(40.709446, -73.80166);72.20576923076922;0.7105138693628356;-1.2880819604373983;955;2390;0;18;8549;4;1
393;28Q620;Thomas A. Edison Career and Technical Education High School;Queens;40.715389;-73.800369;(40.715389, -73.800369);88.34807692307693;0.7106175942802816;-1.2880594282367552;998;1345;0;0;1901;1;1
394;28Q680;Queens Gateway to Health Sciences Secondary School;Queens;40.718831;-73.806499;(40.718831, -73.806499);96.62115384615385;0.7106776685131352;-1.2881664169199023;1060;1906;0;2;1698;0;0
395;28Q686;QUEENS METROPOLITAN HIGH SCHOOL;Queens;40.711367;-73.856698;(40.711367, -73.856698);79.81052631578947;0.7105473971377664;-1.2890425547511108;906;1907;1;0;1974;0;0
396;28Q687;Queens High School for the Sciences at York College;Queens;40.701049;-73.798151;(40.701049, -73.798151);98.7061224489796;0.7103673140655455;-1.288020716833946;563;2793;0;44;25763;6;0
397;28Q690;High School for Law Enforcement and Public Safety;Queens;40.686208;-73.784144;(40.686208, -73.784144);79.5391304347826;0.7101082897512571;-1.287776248565619;960;1288;1;68;5072;6;1
398;28Q896;Young Women's Leadership School, Queens;Queens;40.707527;-73.806412;(40.707527, -73.806412);93.49032258064516;0.7104803764944897;-1.288164898483453;1012;2234;0;20;8123;3;0
399;29Q243;Institute for Health Professions at Cambria Heights;Queens;40.697819;-73.745728;(40.697819, -73.745728);88.75;0.7103109399307062;-1.2871057628801728;700;1805;1;23;2922;0;0
400;29Q248;Queens Preparatory Academy;Queens;40.668235;-73.756839;(40.668235, -73.756839);71.42558139534884;0.7097946017247961;-1.287299686413362;810;3510;0;29;2534;1;0
401;29Q259;Pathways College Preparatory School: A College Board School;Queens;40.70646;-73.753579;(40.70646, -73.753579);79.91;0.710461753831371;-1.287242788679747;1033;1314;1;31;3332;2;0
402;29Q265;Excelsior Preparatory High School;Queens;40.668235;-73.756839;(40.668235, -73.756839);77.47391304347826;0.7097946017247961;-1.287299686413362;810;3510;0;29;2534;1;0
403;29Q272;George Washington Carver High School for the Sciences;Queens;40.668235;-73.756839;(40.668235, -73.756839);82.85192307692309;0.7097946017247961;-1.287299686413362;810;3510;0;29;2534;1;0
404;29Q283;Preparatory Academy for Writers: A College Board School;Queens;40.668235;-73.756839;(40.668235, -73.756839);80.66388888888889;0.7097946017247961;-1.287299686413362;810;3510;0;29;2534;1;0
405;29Q313;Benjamin Franklin High School for Finance & Information Technology;Queens;40.697819;-73.745728;(40.697819, -73.745728);;0.7103109399307062;-1.2871057628801728;700;1805;1;23;2922;0;0
406;29Q326;Cambria Heights Academy;Queens;40.711849;-73.771195;(40.711849, -73.771195);81.25;0.710555809624761;-1.2875502458807784;675;1683;0;35;2762;0;0
407;29Q327;Eagle Academy for Young Men III;Queens;40.691712;-73.778923;(40.691712, -73.778923);92.6;0.7102043526732869;-1.2876851249253725;1131;1444;1;23;3002;0;1
408;29Q492;Mathematics, Science Research and Technology Magnet High School;Queens;40.697819;-73.745728;(40.697819, -73.745728);74.1576923076923;0.7103109399307062;-1.2871057628801728;700;1805;1;23;2922;0;0
409;29Q498;Humanities & Arts Magnet High School;Queens;40.697819;-73.745728;(40.697819, -73.745728);78.43461538461538;0.7103109399307062;-1.2871057628801728;700;1805;1;23;2922;0;0
410;30Q258;Energy Tech High School;Queens;40.757065;-73.932664;(40.757065, -73.932664);91.1;0.7113449776993427;-1.290368411570681;779;2715;0;33;5616;3;0
411;30Q286;Young Women's Leadership School, Astoria;Queens;40.771215;-73.924591;(40.771215, -73.924591);96.47142857142858;0.7115919417884998;-1.2902275111401675;1008;2569;2;10;3568;7;0
412;30Q301;Academy for Careers in Television and Film;Queens;40.742956;-73.959196;(40.742956, -73.959196);97.38076923076923;0.7110987291951788;-1.2908314823278202;402;874;0;9;8356;0;0
413;30Q445;William Cullen Bryant High School;Queens;40.75823;-73.910514;(40.75823, -73.910514);65.21346153846153;0.7113653107851284;-1.2899818211413643;956;1508;2;16;5980;3;0
414;30Q450;Long Island City High School;Queens;40.765826;-73.9328;(40.765826, -73.9328);63.21346153846154;0.7114978859951099;-1.2903707852184636;661;1866;0;9;4167;6;1
415;30Q501;Frank Sinatra School of the Arts High School;Queens;40.756534;-73.925121;(40.756534, -73.925121);96.33076923076922;0.7113357100010146;-1.290236761385203;897;2978;1;12;5214;5;2
416;30Q502;Information Technology High School;Queens;40.748701;-73.94638;(40.748701, -73.94638);68.13461538461539;0.7111989983607059;-1.2906078009308846;669;2569;1;6;1829;0;0
417;30Q555;Newcomers High School;Queens;40.751356;-73.937445;(40.751356, -73.937445);70.73076923076923;0.7112453368523464;-1.2904518557622187;469;4013;0;8;4601;3;0
418;30Q575;Academy of American Studies;Queens;40.751331;-73.937434;(40.751331, -73.937434);90.77307692307691;0.7112449005200333;-1.290451663776001;467;4033;0;8;4601;3;0
419;30Q580;Baccalaureate School for Global Education;Queens;40.755366;-73.927169;(40.755366, -73.927169);98.72857142857143;0.7113153245553513;-1.290272505728284;798;3177;1;13;4336;7;1
420;31R047;CSI High School for International Studies;Staten Island;40.581315;-74.158589;(40.581315, -74.158589);96.75;0.7082775615389626;-1.2943115466832493;529;307;0;0;1179;0;0
421;31R064;Gaynor McCown Expeditionary Learning School;Staten Island;40.581315;-74.158589;(40.581315, -74.158589);88.0576923076923;0.7082775615389626;-1.2943115466832493;529;307;0;0;1179;0;0
422;31R080;The Michael J. Petrides School;Staten Island;40.608517;-74.102078;(40.608517, -74.102078);92.15576923076924;0.7087523260020901;-1.2933252436696547;230;1120;0;1;479;2;0
423;31R440;New Dorp High School;Staten Island;40.569393;-74.107737;(40.569393, -74.107737);74.52115384615385;0.7080694833855399;-1.293424011852025;720;1513;1;1;1548;0;0
424;31R445;Port Richmond High School;Staten Island;40.634573;-74.141818;(40.634573, -74.141818);65.72884615384615;0.7092070889919898;-1.2940188375143973;467;597;0;31;3478;6;0
425;31R450;Curtis High School;Staten Island;40.644735;-74.081222;(40.644735, -74.081222);75.45769230769231;0.7093844493505774;-1.2929612378008586;787;1031;0;29;23813;6;2
426;31R455;Tottenville High School;Staten Island;40.528092;-74.192032;(40.528092, -74.192032);85.90192307692307;0.7073486449511738;-1.2948952371449935;744;356;0;1;532;2;0
427;31R460;Susan E. Wagner High School;Staten Island;40.596803;-74.124227;(40.596803, -74.124227);80.4076923076923;0.7085478781335116;-1.293711816645679;327;132;1;1;382;0;0
428;31R600;Ralph R. McKee Career and Technical Education High School;Staten Island;40.642793;-74.07873;(40.642793, -74.07873);67.46538461538461;0.7093505550565037;-1.2929177441958988;853;1337;1;36;27075;4;3
429;31R605;Staten Island Technical High School;Staten Island;40.567873;-74.115373;(40.567873, -74.115373);98.76923076923077;0.7080429543809096;-1.2935572851937074;1234;1104;0;3;1735;0;0
430;32K168;The Brooklyn School for Math and Research;Brooklyn;40.69697;-73.910791;(40.69697, -73.910791);82.06363636363636;0.7102961220853568;-1.2899866557033923;1202;2850;1;54;14747;11;0
431;32K403;Academy for Environmental Leadership;Brooklyn;40.69697;-73.910791;(40.69697, -73.910791);65.83250000000001;0.7102961220853568;-1.2899866557033923;1202;2850;1;54;14747;11;0
432;32K545;EBC High School for Public Service - Bushwick;Brooklyn;40.694507;-73.929107;(40.694507, -73.929107);70.99038461538461;0.7102531346258801;-1.2903063302091875;959;3208;1;82;9979;0;0
433;32K549;Bushwick School for Social Justice;Brooklyn;40.69697;-73.910791;(40.69697, -73.910791);71.33695652173913;0.7102961220853568;-1.2899866557033923;1202;2850;1;54;14747;11;0
434;32K552;Academy of Urban Planning;Brooklyn;40.69697;-73.910791;(40.69697, -73.910791);59.41836734693877;0.7102961220853568;-1.2899866557033923;1202;2850;1;54;14747;11;0
435;32K554;All City Leadership Secondary School;Brooklyn;40.69737;-73.913171;(40.69737, -73.913171);94.81304347826087;0.7103031034023647;-1.2900281945395897;1227;3249;2;88;26458;13;0
436;32K556;Bushwick Leaders High School for Academic Excellence;Brooklyn;40.695056;-73.92814;(40.695056, -73.92814);64.31632653061224;0.7102627164834735;-1.2902894528753208;970;3309;1;69;9852;0;0
